{
    "serializedTypes": [],
    "typesInScenes": [
        {
            "managedAssemblyName": "UnityEngine.dll",
            "nativeClass": "Object",
            "fullManagedTypeName": "UnityEngine.Object",
            "moduleName": "Core",
            "usedInScenes": [
                "Assets/Scenes/SampleScene.unity"
            ]
        },
        {
            "managedAssemblyName": "",
            "nativeClass": "EditorExtension",
            "fullManagedTypeName": "",
            "moduleName": "Core",
            "usedInScenes": [
                "Assets/Scenes/SampleScene.unity"
            ]
        },
        {
            "managedAssemblyName": "",
            "nativeClass": "NamedObject",
            "fullManagedTypeName": "",
            "moduleName": "Core",
            "usedInScenes": [
                "Assets/Scenes/SampleScene.unity"
            ]
        },
        {
            "managedAssemblyName": "UnityEngine.dll",
            "nativeClass": "Texture",
            "fullManagedTypeName": "UnityEngine.Texture",
            "moduleName": "Core",
            "usedInScenes": [
                "Assets/Scenes/SampleScene.unity"
            ]
        },
        {
            "managedAssemblyName": "UnityEngine.dll",
            "nativeClass": "Behaviour",
            "fullManagedTypeName": "UnityEngine.Behaviour",
            "moduleName": "Core",
            "usedInScenes": [
                "Assets/Scenes/SampleScene.unity"
            ]
        },
        {
            "managedAssemblyName": "UnityEngine.dll",
            "nativeClass": "Component",
            "fullManagedTypeName": "UnityEngine.Component",
            "moduleName": "Core",
            "usedInScenes": [
                "Assets/Scenes/SampleScene.unity"
            ]
        },
        {
            "managedAssemblyName": "UnityEngine.dll",
            "nativeClass": "MonoBehaviour",
            "fullManagedTypeName": "UnityEngine.MonoBehaviour",
            "moduleName": "Core",
            "usedInScenes": [
                "Assets/Scenes/SampleScene.unity"
            ]
        },
        {
            "managedAssemblyName": "UnityEngine.dll",
            "nativeClass": "MonoScript",
            "fullManagedTypeName": "UnityEditor.MonoScript",
            "moduleName": "Core",
            "usedInScenes": [
                "Assets/Scenes/SampleScene.unity"
            ]
        },
        {
            "managedAssemblyName": "UnityEngine.dll",
            "nativeClass": "Material",
            "fullManagedTypeName": "UnityEngine.Material",
            "moduleName": "Core",
            "usedInScenes": [
                "Assets/Scenes/SampleScene.unity"
            ]
        },
        {
            "managedAssemblyName": "UnityEngine.dll",
            "nativeClass": "Texture2D",
            "fullManagedTypeName": "UnityEngine.Texture2D",
            "moduleName": "Core",
            "usedInScenes": [
                "Assets/Scenes/SampleScene.unity"
            ]
        },
        {
            "managedAssemblyName": "UnityEngine.dll",
            "nativeClass": "Sprite",
            "fullManagedTypeName": "UnityEngine.Sprite",
            "moduleName": "Core",
            "usedInScenes": [
                "Assets/Scenes/SampleScene.unity"
            ]
        },
        {
            "managedAssemblyName": "",
            "nativeClass": "GlobalGameManager",
            "fullManagedTypeName": "",
            "moduleName": "Core",
            "usedInScenes": []
        },
        {
            "managedAssemblyName": "",
            "nativeClass": "StreamingManager",
            "fullManagedTypeName": "",
            "moduleName": "Streaming",
            "usedInScenes": []
        },
        {
            "managedAssemblyName": "",
            "nativeClass": "GameManager",
            "fullManagedTypeName": "",
            "moduleName": "Core",
            "usedInScenes": [
                "Assets/Scenes/SampleScene.unity"
            ]
        },
        {
            "managedAssemblyName": "UnityEngine.dll",
            "nativeClass": "VFXManager",
            "fullManagedTypeName": "UnityEditor.VFXManager",
            "moduleName": "VFX",
            "usedInScenes": []
        },
        {
            "managedAssemblyName": "UnityEngine.dll",
            "nativeClass": "Shader",
            "fullManagedTypeName": "UnityEngine.Shader",
            "moduleName": "Core",
            "usedInScenes": [
                "Assets/Scenes/SampleScene.unity"
            ]
        },
        {
            "managedAssemblyName": "UnityEngine.dll",
            "nativeClass": "AudioManager",
            "fullManagedTypeName": "UnityEditor.AudioManager",
            "moduleName": "Audio",
            "usedInScenes": []
        },
        {
            "managedAssemblyName": "",
            "nativeClass": "BuildSettings",
            "fullManagedTypeName": "",
            "moduleName": "Core",
            "usedInScenes": []
        },
        {
            "managedAssemblyName": "UnityEngine.dll",
            "nativeClass": "PlayerSettings",
            "fullManagedTypeName": "UnityEditor.PlayerSettings",
            "moduleName": "Core",
            "usedInScenes": []
        },
        {
            "managedAssemblyName": "UnityEngine.dll",
            "nativeClass": "TextAsset",
            "fullManagedTypeName": "UnityEngine.TextAsset",
            "moduleName": "Core",
            "usedInScenes": [
                "Assets/Scenes/SampleScene.unity"
            ]
        },
        {
            "managedAssemblyName": "UnityEngine.dll",
            "nativeClass": "PhysicsManager",
            "fullManagedTypeName": "UnityEditor.PhysicsManager",
            "moduleName": "Physics",
            "usedInScenes": []
        },
        {
            "managedAssemblyName": "UnityEngine.dll",
            "nativeClass": "TimeManager",
            "fullManagedTypeName": "UnityEditor.TimeManager",
            "moduleName": "Core",
            "usedInScenes": []
        },
        {
            "managedAssemblyName": "UnityEngine.dll",
            "nativeClass": "InputManager",
            "fullManagedTypeName": "UnityEditor.InputManager",
            "moduleName": "Core",
            "usedInScenes": []
        },
        {
            "managedAssemblyName": "UnityEngine.dll",
            "nativeClass": "TagManager",
            "fullManagedTypeName": "UnityEditor.TagManager",
            "moduleName": "Core",
            "usedInScenes": []
        },
        {
            "managedAssemblyName": "UnityEngine.dll",
            "nativeClass": "MonoManager",
            "fullManagedTypeName": "UnityEditor.MonoManager",
            "moduleName": "Core",
            "usedInScenes": []
        },
        {
            "managedAssemblyName": "UnityEngine.dll",
            "nativeClass": "GraphicsSettings",
            "fullManagedTypeName": "UnityEngine.Rendering.GraphicsSettings",
            "moduleName": "Core",
            "usedInScenes": []
        },
        {
            "managedAssemblyName": "",
            "nativeClass": "DelayedCallManager",
            "fullManagedTypeName": "",
            "moduleName": "Core",
            "usedInScenes": []
        },
        {
            "managedAssemblyName": "UnityEngine.dll",
            "nativeClass": "QualitySettings",
            "fullManagedTypeName": "UnityEngine.QualitySettings",
            "moduleName": "Core",
            "usedInScenes": []
        },
        {
            "managedAssemblyName": "",
            "nativeClass": "RuntimeInitializeOnLoadManager",
            "fullManagedTypeName": "",
            "moduleName": "Core",
            "usedInScenes": []
        },
        {
            "managedAssemblyName": "",
            "nativeClass": "ResourceManager",
            "fullManagedTypeName": "",
            "moduleName": "Core",
            "usedInScenes": []
        },
        {
            "managedAssemblyName": "",
            "nativeClass": "ScriptMapper",
            "fullManagedTypeName": "",
            "moduleName": "Core",
            "usedInScenes": []
        },
        {
            "managedAssemblyName": "",
            "nativeClass": "NavMeshProjectSettings",
            "fullManagedTypeName": "",
            "moduleName": "AI",
            "usedInScenes": []
        },
        {
            "managedAssemblyName": "UnityEngine.dll",
            "nativeClass": "Physics2DSettings",
            "fullManagedTypeName": "UnityEditor.Physics2DSettings",
            "moduleName": "Physics2D",
            "usedInScenes": []
        },
        {
            "managedAssemblyName": "UnityEngine.dll",
            "nativeClass": "Transform",
            "fullManagedTypeName": "UnityEngine.Transform",
            "moduleName": "Core",
            "usedInScenes": [
                "Assets/Scenes/SampleScene.unity"
            ]
        },
        {
            "managedAssemblyName": "UnityEngine.dll",
            "nativeClass": "AnimationClip",
            "fullManagedTypeName": "UnityEngine.AnimationClip",
            "moduleName": "Animation",
            "usedInScenes": [
                "Assets/Scenes/SampleScene.unity"
            ]
        },
        {
            "managedAssemblyName": "UnityEngine.dll",
            "nativeClass": "Camera",
            "fullManagedTypeName": "UnityEngine.Camera",
            "moduleName": "Core",
            "usedInScenes": [
                "Assets/Scenes/SampleScene.unity"
            ]
        },
        {
            "managedAssemblyName": "UnityEngine.dll",
            "nativeClass": "Renderer",
            "fullManagedTypeName": "UnityEngine.Renderer",
            "moduleName": "Core",
            "usedInScenes": [
                "Assets/Scenes/SampleScene.unity"
            ]
        },
        {
            "managedAssemblyName": "UnityEngine.dll",
            "nativeClass": "Light",
            "fullManagedTypeName": "UnityEngine.Light",
            "moduleName": "Core",
            "usedInScenes": [
                "Assets/Scenes/SampleScene.unity"
            ]
        },
        {
            "managedAssemblyName": "UnityEngine.dll",
            "nativeClass": "MeshFilter",
            "fullManagedTypeName": "UnityEngine.MeshFilter",
            "moduleName": "Core",
            "usedInScenes": [
                "Assets/Scenes/SampleScene.unity"
            ]
        },
        {
            "managedAssemblyName": "UnityEngine.dll",
            "nativeClass": "MeshRenderer",
            "fullManagedTypeName": "UnityEngine.MeshRenderer",
            "moduleName": "Core",
            "usedInScenes": [
                "Assets/Scenes/SampleScene.unity"
            ]
        },
        {
            "managedAssemblyName": "UnityEngine.dll",
            "nativeClass": "AudioSource",
            "fullManagedTypeName": "UnityEngine.AudioSource",
            "moduleName": "Audio",
            "usedInScenes": [
                "Assets/Scenes/SampleScene.unity"
            ]
        },
        {
            "managedAssemblyName": "UnityEngine.dll",
            "nativeClass": "AudioBehaviour",
            "fullManagedTypeName": "UnityEngine.AudioBehaviour",
            "moduleName": "Audio",
            "usedInScenes": [
                "Assets/Scenes/SampleScene.unity"
            ]
        },
        {
            "managedAssemblyName": "UnityEngine.dll",
            "nativeClass": "AudioListener",
            "fullManagedTypeName": "UnityEngine.AudioListener",
            "moduleName": "Audio",
            "usedInScenes": [
                "Assets/Scenes/SampleScene.unity"
            ]
        },
        {
            "managedAssemblyName": "UnityEngine.dll",
            "nativeClass": "Rigidbody",
            "fullManagedTypeName": "UnityEngine.Rigidbody",
            "moduleName": "Physics",
            "usedInScenes": [
                "Assets/Scenes/SampleScene.unity"
            ]
        },
        {
            "managedAssemblyName": "UnityEngine.dll",
            "nativeClass": "Collider",
            "fullManagedTypeName": "UnityEngine.Collider",
            "moduleName": "Physics",
            "usedInScenes": [
                "Assets/Scenes/SampleScene.unity"
            ]
        },
        {
            "managedAssemblyName": "UnityEngine.dll",
            "nativeClass": "MeshCollider",
            "fullManagedTypeName": "UnityEngine.MeshCollider",
            "moduleName": "Physics",
            "usedInScenes": [
                "Assets/Scenes/SampleScene.unity"
            ]
        },
        {
            "managedAssemblyName": "UnityEngine.dll",
            "nativeClass": "CapsuleCollider",
            "fullManagedTypeName": "UnityEngine.CapsuleCollider",
            "moduleName": "Physics",
            "usedInScenes": [
                "Assets/Scenes/SampleScene.unity"
            ]
        },
        {
            "managedAssemblyName": "UnityEngine.dll",
            "nativeClass": "BoxCollider",
            "fullManagedTypeName": "UnityEngine.BoxCollider",
            "moduleName": "Physics",
            "usedInScenes": [
                "Assets/Scenes/SampleScene.unity"
            ]
        },
        {
            "managedAssemblyName": "UnityEngine.dll",
            "nativeClass": "SphereCollider",
            "fullManagedTypeName": "UnityEngine.SphereCollider",
            "moduleName": "Physics",
            "usedInScenes": [
                "Assets/Scenes/SampleScene.unity"
            ]
        },
        {
            "managedAssemblyName": "UnityEngine.dll",
            "nativeClass": "Canvas",
            "fullManagedTypeName": "UnityEngine.Canvas",
            "moduleName": "UI",
            "usedInScenes": [
                "Assets/Scenes/SampleScene.unity"
            ]
        },
        {
            "managedAssemblyName": "UnityEngine.dll",
            "nativeClass": "RectTransform",
            "fullManagedTypeName": "UnityEngine.RectTransform",
            "moduleName": "Core",
            "usedInScenes": [
                "Assets/Scenes/SampleScene.unity"
            ]
        },
        {
            "managedAssemblyName": "UnityEngine.dll",
            "nativeClass": "Animator",
            "fullManagedTypeName": "UnityEngine.Animator",
            "moduleName": "Animation",
            "usedInScenes": [
                "Assets/Scenes/SampleScene.unity"
            ]
        },
        {
            "managedAssemblyName": "UnityEngine.dll",
            "nativeClass": "Motion",
            "fullManagedTypeName": "UnityEngine.Motion",
            "moduleName": "Animation",
            "usedInScenes": [
                "Assets/Scenes/SampleScene.unity"
            ]
        },
        {
            "managedAssemblyName": "UnityEngine.dll",
            "nativeClass": "RuntimeAnimatorController",
            "fullManagedTypeName": "UnityEngine.RuntimeAnimatorController",
            "moduleName": "Animation",
            "usedInScenes": [
                "Assets/Scenes/SampleScene.unity"
            ]
        },
        {
            "managedAssemblyName": "UnityEngine.dll",
            "nativeClass": "AnimatorController",
            "fullManagedTypeName": "UnityEditor.Animations.AnimatorController",
            "moduleName": "Animation",
            "usedInScenes": [
                "Assets/Scenes/SampleScene.unity"
            ]
        },
        {
            "managedAssemblyName": "UnityEngine.dll",
            "nativeClass": "GameObject",
            "fullManagedTypeName": "UnityEngine.GameObject",
            "moduleName": "Core",
            "usedInScenes": [
                "Assets/Scenes/SampleScene.unity"
            ]
        },
        {
            "managedAssemblyName": "UnityEngine.dll",
            "nativeClass": "LightmapSettings",
            "fullManagedTypeName": "UnityEngine.LightmapSettings",
            "moduleName": "Core",
            "usedInScenes": [
                "Assets/Scenes/SampleScene.unity"
            ]
        },
        {
            "managedAssemblyName": "UnityEngine.dll",
            "nativeClass": "Font",
            "fullManagedTypeName": "UnityEngine.Font",
            "moduleName": "TextRendering",
            "usedInScenes": [
                "Assets/Scenes/SampleScene.unity"
            ]
        },
        {
            "managedAssemblyName": "UnityEngine.dll",
            "nativeClass": "Mesh",
            "fullManagedTypeName": "UnityEngine.Mesh",
            "moduleName": "Core",
            "usedInScenes": [
                "Assets/Scenes/SampleScene.unity"
            ]
        },
        {
            "managedAssemblyName": "UnityEngine.dll",
            "nativeClass": "CanvasRenderer",
            "fullManagedTypeName": "UnityEngine.CanvasRenderer",
            "moduleName": "UI",
            "usedInScenes": [
                "Assets/Scenes/SampleScene.unity"
            ]
        },
        {
            "managedAssemblyName": "UnityEngine.dll",
            "nativeClass": "AudioClip",
            "fullManagedTypeName": "UnityEngine.AudioClip",
            "moduleName": "Audio",
            "usedInScenes": [
                "Assets/Scenes/SampleScene.unity"
            ]
        },
        {
            "managedAssemblyName": "",
            "nativeClass": "SampleClip",
            "fullManagedTypeName": "",
            "moduleName": "Audio",
            "usedInScenes": [
                "Assets/Scenes/SampleScene.unity"
            ]
        },
        {
            "managedAssemblyName": "UnityEngine.dll",
            "nativeClass": "Cubemap",
            "fullManagedTypeName": "UnityEngine.Cubemap",
            "moduleName": "Core",
            "usedInScenes": [
                "Assets/Scenes/SampleScene.unity"
            ]
        },
        {
            "managedAssemblyName": "UnityEngine.dll",
            "nativeClass": "RenderSettings",
            "fullManagedTypeName": "UnityEngine.RenderSettings",
            "moduleName": "Core",
            "usedInScenes": [
                "Assets/Scenes/SampleScene.unity"
            ]
        },
        {
            "managedAssemblyName": "UnityEngine.dll",
            "nativeClass": "LightProbes",
            "fullManagedTypeName": "UnityEngine.LightProbes",
            "moduleName": "Core",
            "usedInScenes": [
                "Assets/Scenes/SampleScene.unity"
            ]
        },
        {
            "managedAssemblyName": "",
            "nativeClass": "NavMeshSettings",
            "fullManagedTypeName": "",
            "moduleName": "AI",
            "usedInScenes": [
                "Assets/Scenes/SampleScene.unity"
            ]
        },
        {
            "managedAssemblyName": "",
            "nativeClass": "LevelGameManager",
            "fullManagedTypeName": "",
            "moduleName": "Core",
            "usedInScenes": [
                "Assets/Scenes/SampleScene.unity"
            ]
        },
        {
            "managedAssemblyName": "Assembly-CSharp.dll",
            "nativeClass": "",
            "fullManagedTypeName": "TurnOffOnWater",
            "moduleName": "",
            "usedInScenes": []
        },
        {
            "managedAssemblyName": "Assembly-CSharp.dll",
            "nativeClass": "",
            "fullManagedTypeName": "_Scripts.AI.CrabController",
            "moduleName": "",
            "usedInScenes": []
        },
        {
            "managedAssemblyName": "Assembly-CSharp.dll",
            "nativeClass": "",
            "fullManagedTypeName": "_Scripts.AI.StateCharacterAI",
            "moduleName": "",
            "usedInScenes": []
        },
        {
            "managedAssemblyName": "Assembly-CSharp.dll",
            "nativeClass": "",
            "fullManagedTypeName": "_Scripts.CrabDeadListener",
            "moduleName": "",
            "usedInScenes": []
        },
        {
            "managedAssemblyName": "Assembly-CSharp.dll",
            "nativeClass": "",
            "fullManagedTypeName": "_Scripts.InputController",
            "moduleName": "",
            "usedInScenes": []
        },
        {
            "managedAssemblyName": "Assembly-CSharp.dll",
            "nativeClass": "",
            "fullManagedTypeName": "_Scripts.MuteManager",
            "moduleName": "",
            "usedInScenes": []
        },
        {
            "managedAssemblyName": "Assembly-CSharp.dll",
            "nativeClass": "",
            "fullManagedTypeName": "_Scripts.MyCharacterMovementController",
            "moduleName": "",
            "usedInScenes": []
        },
        {
            "managedAssemblyName": "Assembly-CSharp.dll",
            "nativeClass": "",
            "fullManagedTypeName": "_Scripts.MyCharacterStateController",
            "moduleName": "",
            "usedInScenes": []
        },
        {
            "managedAssemblyName": "Assembly-CSharp.dll",
            "nativeClass": "",
            "fullManagedTypeName": "_Scripts.MyGameManager",
            "moduleName": "",
            "usedInScenes": []
        },
        {
            "managedAssemblyName": "Assembly-CSharp.dll",
            "nativeClass": "",
            "fullManagedTypeName": "_Scripts.OnTriggerScore",
            "moduleName": "",
            "usedInScenes": []
        },
        {
            "managedAssemblyName": "Assembly-CSharp.dll",
            "nativeClass": "",
            "fullManagedTypeName": "_Scripts.PathFollower",
            "moduleName": "",
            "usedInScenes": []
        },
        {
            "managedAssemblyName": "Assembly-CSharp.dll",
            "nativeClass": "",
            "fullManagedTypeName": "_Scripts.UI.OnBooleanEnable",
            "moduleName": "",
            "usedInScenes": []
        },
        {
            "managedAssemblyName": "Assembly-CSharp.dll",
            "nativeClass": "",
            "fullManagedTypeName": "_Scripts.UI.OnClickExit",
            "moduleName": "",
            "usedInScenes": []
        },
        {
            "managedAssemblyName": "Assembly-CSharp.dll",
            "nativeClass": "",
            "fullManagedTypeName": "_Scripts.UI.OnClickRestart",
            "moduleName": "",
            "usedInScenes": []
        },
        {
            "managedAssemblyName": "Assembly-CSharp.dll",
            "nativeClass": "",
            "fullManagedTypeName": "_Scripts.UI.OnClickToggleBoolean",
            "moduleName": "",
            "usedInScenes": []
        },
        {
            "managedAssemblyName": "Assembly-CSharp.dll",
            "nativeClass": "",
            "fullManagedTypeName": "_Scripts.WaterDetector",
            "moduleName": "",
            "usedInScenes": []
        },
        {
            "managedAssemblyName": "Lopapa.ScriptableObjects.dll",
            "nativeClass": "",
            "fullManagedTypeName": "LopapaGames.ScriptableObjects.CooldownManager",
            "moduleName": "",
            "usedInScenes": []
        },
        {
            "managedAssemblyName": "Lopapa.ScriptableObjects.dll",
            "nativeClass": "",
            "fullManagedTypeName": "LopapaGames.ScriptableObjects.PathController",
            "moduleName": "",
            "usedInScenes": []
        },
        {
            "managedAssemblyName": "Lopapa.ScriptableObjects.dll",
            "nativeClass": "",
            "fullManagedTypeName": "LopapaGames.ScriptableObjects.Spawner",
            "moduleName": "",
            "usedInScenes": []
        },
        {
            "managedAssemblyName": "LopapaGames.Common.Core.dll",
            "nativeClass": "",
            "fullManagedTypeName": "LopapaGames.Common.Core.GameEvent",
            "moduleName": "",
            "usedInScenes": []
        },
        {
            "managedAssemblyName": "LopapaGames.Common.Core.dll",
            "nativeClass": "",
            "fullManagedTypeName": "LopapaGames.Common.Core.GameEventListener",
            "moduleName": "",
            "usedInScenes": []
        },
        {
            "managedAssemblyName": "LopapaGames.Common.dll",
            "nativeClass": "",
            "fullManagedTypeName": "LopapaGames.ScriptableObjects.Boolean",
            "moduleName": "",
            "usedInScenes": []
        },
        {
            "managedAssemblyName": "LopapaGames.Common.dll",
            "nativeClass": "",
            "fullManagedTypeName": "LopapaGames.ScriptableObjects.Float",
            "moduleName": "",
            "usedInScenes": []
        },
        {
            "managedAssemblyName": "LopapaGames.Components.dll",
            "nativeClass": "",
            "fullManagedTypeName": "LopapaGames.Components.SFXPlayer",
            "moduleName": "",
            "usedInScenes": []
        },
        {
            "managedAssemblyName": "LopapaGames.Components.dll",
            "nativeClass": "",
            "fullManagedTypeName": "LopapaGames.Components.SoundManager",
            "moduleName": "",
            "usedInScenes": []
        },
        {
            "managedAssemblyName": "LopapaGames.Components.dll",
            "nativeClass": "",
            "fullManagedTypeName": "LopapaGames.Components.SpawnerController",
            "moduleName": "",
            "usedInScenes": []
        },
        {
            "managedAssemblyName": "LopapaGames.Components.dll",
            "nativeClass": "",
            "fullManagedTypeName": "LopapaGames.Components.ValueRenderer",
            "moduleName": "",
            "usedInScenes": []
        },
        {
            "managedAssemblyName": "Unity.RenderPipelines.Core.Runtime.dll",
            "nativeClass": "",
            "fullManagedTypeName": "UnityEngine.Rendering.UI.DebugUIHandlerBitField",
            "moduleName": "",
            "usedInScenes": []
        },
        {
            "managedAssemblyName": "Unity.RenderPipelines.Core.Runtime.dll",
            "nativeClass": "",
            "fullManagedTypeName": "UnityEngine.Rendering.UI.DebugUIHandlerButton",
            "moduleName": "",
            "usedInScenes": []
        },
        {
            "managedAssemblyName": "Unity.RenderPipelines.Core.Runtime.dll",
            "nativeClass": "",
            "fullManagedTypeName": "UnityEngine.Rendering.UI.DebugUIHandlerCanvas",
            "moduleName": "",
            "usedInScenes": []
        },
        {
            "managedAssemblyName": "Unity.RenderPipelines.Core.Runtime.dll",
            "nativeClass": "",
            "fullManagedTypeName": "UnityEngine.Rendering.UI.DebugUIHandlerColor",
            "moduleName": "",
            "usedInScenes": []
        },
        {
            "managedAssemblyName": "Unity.RenderPipelines.Core.Runtime.dll",
            "nativeClass": "",
            "fullManagedTypeName": "UnityEngine.Rendering.UI.DebugUIHandlerContainer",
            "moduleName": "",
            "usedInScenes": []
        },
        {
            "managedAssemblyName": "Unity.RenderPipelines.Core.Runtime.dll",
            "nativeClass": "",
            "fullManagedTypeName": "UnityEngine.Rendering.UI.DebugUIHandlerEnumField",
            "moduleName": "",
            "usedInScenes": []
        },
        {
            "managedAssemblyName": "Unity.RenderPipelines.Core.Runtime.dll",
            "nativeClass": "",
            "fullManagedTypeName": "UnityEngine.Rendering.UI.DebugUIHandlerEnumHistory",
            "moduleName": "",
            "usedInScenes": []
        },
        {
            "managedAssemblyName": "Unity.RenderPipelines.Core.Runtime.dll",
            "nativeClass": "",
            "fullManagedTypeName": "UnityEngine.Rendering.UI.DebugUIHandlerFloatField",
            "moduleName": "",
            "usedInScenes": []
        },
        {
            "managedAssemblyName": "Unity.RenderPipelines.Core.Runtime.dll",
            "nativeClass": "",
            "fullManagedTypeName": "UnityEngine.Rendering.UI.DebugUIHandlerFoldout",
            "moduleName": "",
            "usedInScenes": []
        },
        {
            "managedAssemblyName": "Unity.RenderPipelines.Core.Runtime.dll",
            "nativeClass": "",
            "fullManagedTypeName": "UnityEngine.Rendering.UI.DebugUIHandlerGroup",
            "moduleName": "",
            "usedInScenes": []
        },
        {
            "managedAssemblyName": "Unity.RenderPipelines.Core.Runtime.dll",
            "nativeClass": "",
            "fullManagedTypeName": "UnityEngine.Rendering.UI.DebugUIHandlerHBox",
            "moduleName": "",
            "usedInScenes": []
        },
        {
            "managedAssemblyName": "Unity.RenderPipelines.Core.Runtime.dll",
            "nativeClass": "",
            "fullManagedTypeName": "UnityEngine.Rendering.UI.DebugUIHandlerIndirectFloatField",
            "moduleName": "",
            "usedInScenes": []
        },
        {
            "managedAssemblyName": "Unity.RenderPipelines.Core.Runtime.dll",
            "nativeClass": "",
            "fullManagedTypeName": "UnityEngine.Rendering.UI.DebugUIHandlerIndirectToggle",
            "moduleName": "",
            "usedInScenes": []
        },
        {
            "managedAssemblyName": "Unity.RenderPipelines.Core.Runtime.dll",
            "nativeClass": "",
            "fullManagedTypeName": "UnityEngine.Rendering.UI.DebugUIHandlerIntField",
            "moduleName": "",
            "usedInScenes": []
        },
        {
            "managedAssemblyName": "Unity.RenderPipelines.Core.Runtime.dll",
            "nativeClass": "",
            "fullManagedTypeName": "UnityEngine.Rendering.UI.DebugUIHandlerPanel",
            "moduleName": "",
            "usedInScenes": []
        },
        {
            "managedAssemblyName": "Unity.RenderPipelines.Core.Runtime.dll",
            "nativeClass": "",
            "fullManagedTypeName": "UnityEngine.Rendering.UI.DebugUIHandlerPersistentCanvas",
            "moduleName": "",
            "usedInScenes": []
        },
        {
            "managedAssemblyName": "Unity.RenderPipelines.Core.Runtime.dll",
            "nativeClass": "",
            "fullManagedTypeName": "UnityEngine.Rendering.UI.DebugUIHandlerToggle",
            "moduleName": "",
            "usedInScenes": []
        },
        {
            "managedAssemblyName": "Unity.RenderPipelines.Core.Runtime.dll",
            "nativeClass": "",
            "fullManagedTypeName": "UnityEngine.Rendering.UI.DebugUIHandlerToggleHistory",
            "moduleName": "",
            "usedInScenes": []
        },
        {
            "managedAssemblyName": "Unity.RenderPipelines.Core.Runtime.dll",
            "nativeClass": "",
            "fullManagedTypeName": "UnityEngine.Rendering.UI.DebugUIHandlerUIntField",
            "moduleName": "",
            "usedInScenes": []
        },
        {
            "managedAssemblyName": "Unity.RenderPipelines.Core.Runtime.dll",
            "nativeClass": "",
            "fullManagedTypeName": "UnityEngine.Rendering.UI.DebugUIHandlerVBox",
            "moduleName": "",
            "usedInScenes": []
        },
        {
            "managedAssemblyName": "Unity.RenderPipelines.Core.Runtime.dll",
            "nativeClass": "",
            "fullManagedTypeName": "UnityEngine.Rendering.UI.DebugUIHandlerValue",
            "moduleName": "",
            "usedInScenes": []
        },
        {
            "managedAssemblyName": "Unity.RenderPipelines.Core.Runtime.dll",
            "nativeClass": "",
            "fullManagedTypeName": "UnityEngine.Rendering.UI.DebugUIHandlerVector2",
            "moduleName": "",
            "usedInScenes": []
        },
        {
            "managedAssemblyName": "Unity.RenderPipelines.Core.Runtime.dll",
            "nativeClass": "",
            "fullManagedTypeName": "UnityEngine.Rendering.UI.DebugUIHandlerVector3",
            "moduleName": "",
            "usedInScenes": []
        },
        {
            "managedAssemblyName": "Unity.RenderPipelines.Core.Runtime.dll",
            "nativeClass": "",
            "fullManagedTypeName": "UnityEngine.Rendering.UI.DebugUIHandlerVector4",
            "moduleName": "",
            "usedInScenes": []
        },
        {
            "managedAssemblyName": "Unity.RenderPipelines.Core.Runtime.dll",
            "nativeClass": "",
            "fullManagedTypeName": "UnityEngine.Rendering.UI.UIFoldout",
            "moduleName": "",
            "usedInScenes": []
        },
        {
            "managedAssemblyName": "Unity.RenderPipelines.Core.Runtime.dll",
            "nativeClass": "",
            "fullManagedTypeName": "UnityEngine.Rendering.Volume",
            "moduleName": "",
            "usedInScenes": []
        },
        {
            "managedAssemblyName": "Unity.RenderPipelines.Core.Runtime.dll",
            "nativeClass": "",
            "fullManagedTypeName": "UnityEngine.Rendering.VolumeProfile",
            "moduleName": "",
            "usedInScenes": []
        },
        {
            "managedAssemblyName": "Unity.RenderPipelines.Universal.Runtime.dll",
            "nativeClass": "",
            "fullManagedTypeName": "UnityEngine.Rendering.Universal.Bloom",
            "moduleName": "",
            "usedInScenes": []
        },
        {
            "managedAssemblyName": "Unity.RenderPipelines.Universal.Runtime.dll",
            "nativeClass": "",
            "fullManagedTypeName": "UnityEngine.Rendering.Universal.ForwardRendererData",
            "moduleName": "",
            "usedInScenes": []
        },
        {
            "managedAssemblyName": "Unity.RenderPipelines.Universal.Runtime.dll",
            "nativeClass": "",
            "fullManagedTypeName": "UnityEngine.Rendering.Universal.PostProcessData",
            "moduleName": "",
            "usedInScenes": []
        },
        {
            "managedAssemblyName": "Unity.RenderPipelines.Universal.Runtime.dll",
            "nativeClass": "",
            "fullManagedTypeName": "UnityEngine.Rendering.Universal.Tonemapping",
            "moduleName": "",
            "usedInScenes": []
        },
        {
            "managedAssemblyName": "Unity.RenderPipelines.Universal.Runtime.dll",
            "nativeClass": "",
            "fullManagedTypeName": "UnityEngine.Rendering.Universal.UniversalAdditionalCameraData",
            "moduleName": "",
            "usedInScenes": []
        },
        {
            "managedAssemblyName": "Unity.RenderPipelines.Universal.Runtime.dll",
            "nativeClass": "",
            "fullManagedTypeName": "UnityEngine.Rendering.Universal.UniversalRenderPipelineAsset",
            "moduleName": "",
            "usedInScenes": []
        },
        {
            "managedAssemblyName": "Unity.RenderPipelines.Universal.Runtime.dll",
            "nativeClass": "",
            "fullManagedTypeName": "UnityEngine.Rendering.Universal.Vignette",
            "moduleName": "",
            "usedInScenes": []
        },
        {
            "managedAssemblyName": "UnityEngine.UI.dll",
            "nativeClass": "",
            "fullManagedTypeName": "UnityEngine.EventSystems.EventSystem",
            "moduleName": "",
            "usedInScenes": []
        },
        {
            "managedAssemblyName": "UnityEngine.UI.dll",
            "nativeClass": "",
            "fullManagedTypeName": "UnityEngine.EventSystems.StandaloneInputModule",
            "moduleName": "",
            "usedInScenes": []
        },
        {
            "managedAssemblyName": "UnityEngine.UI.dll",
            "nativeClass": "",
            "fullManagedTypeName": "UnityEngine.UI.Button",
            "moduleName": "",
            "usedInScenes": []
        },
        {
            "managedAssemblyName": "UnityEngine.UI.dll",
            "nativeClass": "",
            "fullManagedTypeName": "UnityEngine.UI.CanvasScaler",
            "moduleName": "",
            "usedInScenes": []
        },
        {
            "managedAssemblyName": "UnityEngine.UI.dll",
            "nativeClass": "",
            "fullManagedTypeName": "UnityEngine.UI.ContentSizeFitter",
            "moduleName": "",
            "usedInScenes": []
        },
        {
            "managedAssemblyName": "UnityEngine.UI.dll",
            "nativeClass": "",
            "fullManagedTypeName": "UnityEngine.UI.GraphicRaycaster",
            "moduleName": "",
            "usedInScenes": []
        },
        {
            "managedAssemblyName": "UnityEngine.UI.dll",
            "nativeClass": "",
            "fullManagedTypeName": "UnityEngine.UI.HorizontalLayoutGroup",
            "moduleName": "",
            "usedInScenes": []
        },
        {
            "managedAssemblyName": "UnityEngine.UI.dll",
            "nativeClass": "",
            "fullManagedTypeName": "UnityEngine.UI.Image",
            "moduleName": "",
            "usedInScenes": []
        },
        {
            "managedAssemblyName": "UnityEngine.UI.dll",
            "nativeClass": "",
            "fullManagedTypeName": "UnityEngine.UI.LayoutElement",
            "moduleName": "",
            "usedInScenes": []
        },
        {
            "managedAssemblyName": "UnityEngine.UI.dll",
            "nativeClass": "",
            "fullManagedTypeName": "UnityEngine.UI.Mask",
            "moduleName": "",
            "usedInScenes": []
        },
        {
            "managedAssemblyName": "UnityEngine.UI.dll",
            "nativeClass": "",
            "fullManagedTypeName": "UnityEngine.UI.Outline",
            "moduleName": "",
            "usedInScenes": []
        },
        {
            "managedAssemblyName": "UnityEngine.UI.dll",
            "nativeClass": "",
            "fullManagedTypeName": "UnityEngine.UI.ScrollRect",
            "moduleName": "",
            "usedInScenes": []
        },
        {
            "managedAssemblyName": "UnityEngine.UI.dll",
            "nativeClass": "",
            "fullManagedTypeName": "UnityEngine.UI.Scrollbar",
            "moduleName": "",
            "usedInScenes": []
        },
        {
            "managedAssemblyName": "UnityEngine.UI.dll",
            "nativeClass": "",
            "fullManagedTypeName": "UnityEngine.UI.Text",
            "moduleName": "",
            "usedInScenes": []
        },
        {
            "managedAssemblyName": "UnityEngine.UI.dll",
            "nativeClass": "",
            "fullManagedTypeName": "UnityEngine.UI.Toggle",
            "moduleName": "",
            "usedInScenes": []
        },
        {
            "managedAssemblyName": "UnityEngine.UI.dll",
            "nativeClass": "",
            "fullManagedTypeName": "UnityEngine.UI.VerticalLayoutGroup",
            "moduleName": "",
            "usedInScenes": []
        }
    ],
    "allNativeTypes": [
        {
            "name": "Object",
            "module": "Core",
            "baseName": "",
            "baseModule": ""
        },
        {
            "name": "AnnotationManager",
            "module": "Core",
            "baseName": "Object",
            "baseModule": "Core"
        },
        {
            "name": "AssetDatabaseV1",
            "module": "AssetDatabase",
            "baseName": "Object",
            "baseModule": "Core"
        },
        {
            "name": "AssetMetaData",
            "module": "Core",
            "baseName": "Object",
            "baseModule": "Core"
        },
        {
            "name": "AudioBuildInfo",
            "module": "BuildReportingEditor",
            "baseName": "Object",
            "baseModule": "Core"
        },
        {
            "name": "BuiltAssetBundleInfoSet",
            "module": "BuildReportingEditor",
            "baseName": "Object",
            "baseModule": "Core"
        },
        {
            "name": "Derived",
            "module": "Core",
            "baseName": "Object",
            "baseModule": "Core"
        },
        {
            "name": "SubDerived",
            "module": "Core",
            "baseName": "Derived",
            "baseModule": "Core"
        },
        {
            "name": "EditorBuildSettings",
            "module": "Editor",
            "baseName": "Object",
            "baseModule": "Core"
        },
        {
            "name": "EditorExtension",
            "module": "Core",
            "baseName": "Object",
            "baseModule": "Core"
        },
        {
            "name": "Component",
            "module": "Core",
            "baseName": "EditorExtension",
            "baseModule": "Core"
        },
        {
            "name": "Behaviour",
            "module": "Core",
            "baseName": "Component",
            "baseModule": "Core"
        },
        {
            "name": "Animation",
            "module": "Animation",
            "baseName": "Behaviour",
            "baseModule": "Core"
        },
        {
            "name": "Animator",
            "module": "Animation",
            "baseName": "Behaviour",
            "baseModule": "Core"
        },
        {
            "name": "AudioBehaviour",
            "module": "Audio",
            "baseName": "Behaviour",
            "baseModule": "Core"
        },
        {
            "name": "AudioListener",
            "module": "Audio",
            "baseName": "AudioBehaviour",
            "baseModule": "Audio"
        },
        {
            "name": "AudioSource",
            "module": "Audio",
            "baseName": "AudioBehaviour",
            "baseModule": "Audio"
        },
        {
            "name": "AudioFilter",
            "module": "Audio",
            "baseName": "Behaviour",
            "baseModule": "Core"
        },
        {
            "name": "AudioChorusFilter",
            "module": "Audio",
            "baseName": "AudioFilter",
            "baseModule": "Audio"
        },
        {
            "name": "AudioDistortionFilter",
            "module": "Audio",
            "baseName": "AudioFilter",
            "baseModule": "Audio"
        },
        {
            "name": "AudioEchoFilter",
            "module": "Audio",
            "baseName": "AudioFilter",
            "baseModule": "Audio"
        },
        {
            "name": "AudioHighPassFilter",
            "module": "Audio",
            "baseName": "AudioFilter",
            "baseModule": "Audio"
        },
        {
            "name": "AudioLowPassFilter",
            "module": "Audio",
            "baseName": "AudioFilter",
            "baseModule": "Audio"
        },
        {
            "name": "AudioReverbFilter",
            "module": "Audio",
            "baseName": "AudioFilter",
            "baseModule": "Audio"
        },
        {
            "name": "AudioReverbZone",
            "module": "Audio",
            "baseName": "Behaviour",
            "baseModule": "Core"
        },
        {
            "name": "Camera",
            "module": "Core",
            "baseName": "Behaviour",
            "baseModule": "Core"
        },
        {
            "name": "Canvas",
            "module": "UI",
            "baseName": "Behaviour",
            "baseModule": "Core"
        },
        {
            "name": "CanvasGroup",
            "module": "UI",
            "baseName": "Behaviour",
            "baseModule": "Core"
        },
        {
            "name": "Cloth",
            "module": "Cloth",
            "baseName": "Behaviour",
            "baseModule": "Core"
        },
        {
            "name": "Collider2D",
            "module": "Physics2D",
            "baseName": "Behaviour",
            "baseModule": "Core"
        },
        {
            "name": "BoxCollider2D",
            "module": "Physics2D",
            "baseName": "Collider2D",
            "baseModule": "Physics2D"
        },
        {
            "name": "CapsuleCollider2D",
            "module": "Physics2D",
            "baseName": "Collider2D",
            "baseModule": "Physics2D"
        },
        {
            "name": "CircleCollider2D",
            "module": "Physics2D",
            "baseName": "Collider2D",
            "baseModule": "Physics2D"
        },
        {
            "name": "CompositeCollider2D",
            "module": "Physics2D",
            "baseName": "Collider2D",
            "baseModule": "Physics2D"
        },
        {
            "name": "EdgeCollider2D",
            "module": "Physics2D",
            "baseName": "Collider2D",
            "baseModule": "Physics2D"
        },
        {
            "name": "PolygonCollider2D",
            "module": "Physics2D",
            "baseName": "Collider2D",
            "baseModule": "Physics2D"
        },
        {
            "name": "TilemapCollider2D",
            "module": "Tilemap",
            "baseName": "Collider2D",
            "baseModule": "Physics2D"
        },
        {
            "name": "ConstantForce",
            "module": "Physics",
            "baseName": "Behaviour",
            "baseModule": "Core"
        },
        {
            "name": "Effector2D",
            "module": "Physics2D",
            "baseName": "Behaviour",
            "baseModule": "Core"
        },
        {
            "name": "AreaEffector2D",
            "module": "Physics2D",
            "baseName": "Effector2D",
            "baseModule": "Physics2D"
        },
        {
            "name": "BuoyancyEffector2D",
            "module": "Physics2D",
            "baseName": "Effector2D",
            "baseModule": "Physics2D"
        },
        {
            "name": "PlatformEffector2D",
            "module": "Physics2D",
            "baseName": "Effector2D",
            "baseModule": "Physics2D"
        },
        {
            "name": "PointEffector2D",
            "module": "Physics2D",
            "baseName": "Effector2D",
            "baseModule": "Physics2D"
        },
        {
            "name": "SurfaceEffector2D",
            "module": "Physics2D",
            "baseName": "Effector2D",
            "baseModule": "Physics2D"
        },
        {
            "name": "FlareLayer",
            "module": "Core",
            "baseName": "Behaviour",
            "baseModule": "Core"
        },
        {
            "name": "GridLayout",
            "module": "Grid",
            "baseName": "Behaviour",
            "baseModule": "Core"
        },
        {
            "name": "Grid",
            "module": "Grid",
            "baseName": "GridLayout",
            "baseModule": "Grid"
        },
        {
            "name": "Tilemap",
            "module": "Tilemap",
            "baseName": "GridLayout",
            "baseModule": "Grid"
        },
        {
            "name": "Halo",
            "module": "Core",
            "baseName": "Behaviour",
            "baseModule": "Core"
        },
        {
            "name": "HaloLayer",
            "module": "Core",
            "baseName": "Behaviour",
            "baseModule": "Core"
        },
        {
            "name": "IConstraint",
            "module": "Animation",
            "baseName": "Behaviour",
            "baseModule": "Core"
        },
        {
            "name": "AimConstraint",
            "module": "Animation",
            "baseName": "IConstraint",
            "baseModule": "Animation"
        },
        {
            "name": "LookAtConstraint",
            "module": "Animation",
            "baseName": "IConstraint",
            "baseModule": "Animation"
        },
        {
            "name": "ParentConstraint",
            "module": "Animation",
            "baseName": "IConstraint",
            "baseModule": "Animation"
        },
        {
            "name": "PositionConstraint",
            "module": "Animation",
            "baseName": "IConstraint",
            "baseModule": "Animation"
        },
        {
            "name": "RotationConstraint",
            "module": "Animation",
            "baseName": "IConstraint",
            "baseModule": "Animation"
        },
        {
            "name": "ScaleConstraint",
            "module": "Animation",
            "baseName": "IConstraint",
            "baseModule": "Animation"
        },
        {
            "name": "Joint2D",
            "module": "Physics2D",
            "baseName": "Behaviour",
            "baseModule": "Core"
        },
        {
            "name": "AnchoredJoint2D",
            "module": "Physics2D",
            "baseName": "Joint2D",
            "baseModule": "Physics2D"
        },
        {
            "name": "DistanceJoint2D",
            "module": "Physics2D",
            "baseName": "AnchoredJoint2D",
            "baseModule": "Physics2D"
        },
        {
            "name": "FixedJoint2D",
            "module": "Physics2D",
            "baseName": "AnchoredJoint2D",
            "baseModule": "Physics2D"
        },
        {
            "name": "FrictionJoint2D",
            "module": "Physics2D",
            "baseName": "AnchoredJoint2D",
            "baseModule": "Physics2D"
        },
        {
            "name": "HingeJoint2D",
            "module": "Physics2D",
            "baseName": "AnchoredJoint2D",
            "baseModule": "Physics2D"
        },
        {
            "name": "SliderJoint2D",
            "module": "Physics2D",
            "baseName": "AnchoredJoint2D",
            "baseModule": "Physics2D"
        },
        {
            "name": "SpringJoint2D",
            "module": "Physics2D",
            "baseName": "AnchoredJoint2D",
            "baseModule": "Physics2D"
        },
        {
            "name": "WheelJoint2D",
            "module": "Physics2D",
            "baseName": "AnchoredJoint2D",
            "baseModule": "Physics2D"
        },
        {
            "name": "RelativeJoint2D",
            "module": "Physics2D",
            "baseName": "Joint2D",
            "baseModule": "Physics2D"
        },
        {
            "name": "TargetJoint2D",
            "module": "Physics2D",
            "baseName": "Joint2D",
            "baseModule": "Physics2D"
        },
        {
            "name": "LensFlare",
            "module": "Core",
            "baseName": "Behaviour",
            "baseModule": "Core"
        },
        {
            "name": "Light",
            "module": "Core",
            "baseName": "Behaviour",
            "baseModule": "Core"
        },
        {
            "name": "LightProbeGroup",
            "module": "Core",
            "baseName": "Behaviour",
            "baseModule": "Core"
        },
        {
            "name": "LightProbeProxyVolume",
            "module": "Core",
            "baseName": "Behaviour",
            "baseModule": "Core"
        },
        {
            "name": "MonoBehaviour",
            "module": "Core",
            "baseName": "Behaviour",
            "baseModule": "Core"
        },
        {
            "name": "NavMeshAgent",
            "module": "AI",
            "baseName": "Behaviour",
            "baseModule": "Core"
        },
        {
            "name": "NavMeshObstacle",
            "module": "AI",
            "baseName": "Behaviour",
            "baseModule": "Core"
        },
        {
            "name": "OffMeshLink",
            "module": "AI",
            "baseName": "Behaviour",
            "baseModule": "Core"
        },
        {
            "name": "ParticleSystemForceField",
            "module": "ParticleSystem",
            "baseName": "Behaviour",
            "baseModule": "Core"
        },
        {
            "name": "PhysicsUpdateBehaviour2D",
            "module": "Physics2D",
            "baseName": "Behaviour",
            "baseModule": "Core"
        },
        {
            "name": "ConstantForce2D",
            "module": "Physics2D",
            "baseName": "PhysicsUpdateBehaviour2D",
            "baseModule": "Physics2D"
        },
        {
            "name": "PlayableDirector",
            "module": "Director",
            "baseName": "Behaviour",
            "baseModule": "Core"
        },
        {
            "name": "Projector",
            "module": "Core",
            "baseName": "Behaviour",
            "baseModule": "Core"
        },
        {
            "name": "ReflectionProbe",
            "module": "Core",
            "baseName": "Behaviour",
            "baseModule": "Core"
        },
        {
            "name": "Skybox",
            "module": "Core",
            "baseName": "Behaviour",
            "baseModule": "Core"
        },
        {
            "name": "SortingGroup",
            "module": "Core",
            "baseName": "Behaviour",
            "baseModule": "Core"
        },
        {
            "name": "StreamingController",
            "module": "Streaming",
            "baseName": "Behaviour",
            "baseModule": "Core"
        },
        {
            "name": "Terrain",
            "module": "Terrain",
            "baseName": "Behaviour",
            "baseModule": "Core"
        },
        {
            "name": "VideoPlayer",
            "module": "Video",
            "baseName": "Behaviour",
            "baseModule": "Core"
        },
        {
            "name": "VisualEffect",
            "module": "VFX",
            "baseName": "Behaviour",
            "baseModule": "Core"
        },
        {
            "name": "WindZone",
            "module": "Wind",
            "baseName": "Behaviour",
            "baseModule": "Core"
        },
        {
            "name": "CanvasRenderer",
            "module": "UI",
            "baseName": "Component",
            "baseModule": "Core"
        },
        {
            "name": "Collider",
            "module": "Physics",
            "baseName": "Component",
            "baseModule": "Core"
        },
        {
            "name": "BoxCollider",
            "module": "Physics",
            "baseName": "Collider",
            "baseModule": "Physics"
        },
        {
            "name": "CapsuleCollider",
            "module": "Physics",
            "baseName": "Collider",
            "baseModule": "Physics"
        },
        {
            "name": "CharacterController",
            "module": "Physics",
            "baseName": "Collider",
            "baseModule": "Physics"
        },
        {
            "name": "MeshCollider",
            "module": "Physics",
            "baseName": "Collider",
            "baseModule": "Physics"
        },
        {
            "name": "SphereCollider",
            "module": "Physics",
            "baseName": "Collider",
            "baseModule": "Physics"
        },
        {
            "name": "TerrainCollider",
            "module": "TerrainPhysics",
            "baseName": "Collider",
            "baseModule": "Physics"
        },
        {
            "name": "WheelCollider",
            "module": "Vehicles",
            "baseName": "Collider",
            "baseModule": "Physics"
        },
        {
            "name": "FakeComponent",
            "module": "Core",
            "baseName": "Component",
            "baseModule": "Core"
        },
        {
            "name": "Joint",
            "module": "Physics",
            "baseName": "Component",
            "baseModule": "Core"
        },
        {
            "name": "CharacterJoint",
            "module": "Physics",
            "baseName": "Joint",
            "baseModule": "Physics"
        },
        {
            "name": "ConfigurableJoint",
            "module": "Physics",
            "baseName": "Joint",
            "baseModule": "Physics"
        },
        {
            "name": "FixedJoint",
            "module": "Physics",
            "baseName": "Joint",
            "baseModule": "Physics"
        },
        {
            "name": "HingeJoint",
            "module": "Physics",
            "baseName": "Joint",
            "baseModule": "Physics"
        },
        {
            "name": "SpringJoint",
            "module": "Physics",
            "baseName": "Joint",
            "baseModule": "Physics"
        },
        {
            "name": "LODGroup",
            "module": "Core",
            "baseName": "Component",
            "baseModule": "Core"
        },
        {
            "name": "MeshFilter",
            "module": "Core",
            "baseName": "Component",
            "baseModule": "Core"
        },
        {
            "name": "OcclusionArea",
            "module": "Core",
            "baseName": "Component",
            "baseModule": "Core"
        },
        {
            "name": "OcclusionPortal",
            "module": "Core",
            "baseName": "Component",
            "baseModule": "Core"
        },
        {
            "name": "ParticleSystem",
            "module": "ParticleSystem",
            "baseName": "Component",
            "baseModule": "Core"
        },
        {
            "name": "Renderer",
            "module": "Core",
            "baseName": "Component",
            "baseModule": "Core"
        },
        {
            "name": "BillboardRenderer",
            "module": "Core",
            "baseName": "Renderer",
            "baseModule": "Core"
        },
        {
            "name": "LineRenderer",
            "module": "Core",
            "baseName": "Renderer",
            "baseModule": "Core"
        },
        {
            "name": "RendererFake",
            "module": "Core",
            "baseName": "LineRenderer",
            "baseModule": "Core"
        },
        {
            "name": "MeshRenderer",
            "module": "Core",
            "baseName": "Renderer",
            "baseModule": "Core"
        },
        {
            "name": "ParticleSystemRenderer",
            "module": "ParticleSystem",
            "baseName": "Renderer",
            "baseModule": "Core"
        },
        {
            "name": "SkinnedMeshRenderer",
            "module": "Core",
            "baseName": "Renderer",
            "baseModule": "Core"
        },
        {
            "name": "SpriteMask",
            "module": "SpriteMask",
            "baseName": "Renderer",
            "baseModule": "Core"
        },
        {
            "name": "SpriteRenderer",
            "module": "Core",
            "baseName": "Renderer",
            "baseModule": "Core"
        },
        {
            "name": "SpriteShapeRenderer",
            "module": "SpriteShape",
            "baseName": "Renderer",
            "baseModule": "Core"
        },
        {
            "name": "TilemapRenderer",
            "module": "Tilemap",
            "baseName": "Renderer",
            "baseModule": "Core"
        },
        {
            "name": "TrailRenderer",
            "module": "Core",
            "baseName": "Renderer",
            "baseModule": "Core"
        },
        {
            "name": "VFXRenderer",
            "module": "VFX",
            "baseName": "Renderer",
            "baseModule": "Core"
        },
        {
            "name": "Rigidbody",
            "module": "Physics",
            "baseName": "Component",
            "baseModule": "Core"
        },
        {
            "name": "Rigidbody2D",
            "module": "Physics2D",
            "baseName": "Component",
            "baseModule": "Core"
        },
        {
            "name": "TextMesh",
            "module": "TextRendering",
            "baseName": "Component",
            "baseModule": "Core"
        },
        {
            "name": "Transform",
            "module": "Core",
            "baseName": "Component",
            "baseModule": "Core"
        },
        {
            "name": "RectTransform",
            "module": "Core",
            "baseName": "Transform",
            "baseModule": "Core"
        },
        {
            "name": "Tree",
            "module": "Terrain",
            "baseName": "Component",
            "baseModule": "Core"
        },
        {
            "name": "WorldAnchor",
            "module": "VR",
            "baseName": "Component",
            "baseModule": "Core"
        },
        {
            "name": "GameObject",
            "module": "Core",
            "baseName": "EditorExtension",
            "baseModule": "Core"
        },
        {
            "name": "NamedObject",
            "module": "Core",
            "baseName": "EditorExtension",
            "baseModule": "Core"
        },
        {
            "name": "AnimatorState",
            "module": "Editor",
            "baseName": "NamedObject",
            "baseModule": "Core"
        },
        {
            "name": "AnimatorStateMachine",
            "module": "Editor",
            "baseName": "NamedObject",
            "baseModule": "Core"
        },
        {
            "name": "AnimatorTransitionBase",
            "module": "Editor",
            "baseName": "NamedObject",
            "baseModule": "Core"
        },
        {
            "name": "AnimatorStateTransition",
            "module": "Editor",
            "baseName": "AnimatorTransitionBase",
            "baseModule": "Editor"
        },
        {
            "name": "AnimatorTransition",
            "module": "Editor",
            "baseName": "AnimatorTransitionBase",
            "baseModule": "Editor"
        },
        {
            "name": "AssetBundle",
            "module": "AssetBundle",
            "baseName": "NamedObject",
            "baseModule": "Core"
        },
        {
            "name": "AssetBundleManifest",
            "module": "AssetBundle",
            "baseName": "NamedObject",
            "baseModule": "Core"
        },
        {
            "name": "AssetImportInProgressProxy",
            "module": "Editor",
            "baseName": "NamedObject",
            "baseModule": "Core"
        },
        {
            "name": "AssetImporter",
            "module": "Editor",
            "baseName": "NamedObject",
            "baseModule": "Core"
        },
        {
            "name": "AssemblyDefinitionImporter",
            "module": "Editor",
            "baseName": "AssetImporter",
            "baseModule": "Editor"
        },
        {
            "name": "AssemblyDefinitionReferenceImporter",
            "module": "Editor",
            "baseName": "AssetImporter",
            "baseModule": "Editor"
        },
        {
            "name": "AudioImporter",
            "module": "Editor",
            "baseName": "AssetImporter",
            "baseModule": "Editor"
        },
        {
            "name": "ComputeShaderImporter",
            "module": "Core",
            "baseName": "AssetImporter",
            "baseModule": "Editor"
        },
        {
            "name": "DefaultImporter",
            "module": "Core",
            "baseName": "AssetImporter",
            "baseModule": "Editor"
        },
        {
            "name": "IHVImageFormatImporter",
            "module": "Editor",
            "baseName": "AssetImporter",
            "baseModule": "Editor"
        },
        {
            "name": "LibraryAssetImporter",
            "module": "Core",
            "baseName": "AssetImporter",
            "baseModule": "Editor"
        },
        {
            "name": "LocalizationImporter",
            "module": "LocalizationEditor",
            "baseName": "AssetImporter",
            "baseModule": "Editor"
        },
        {
            "name": "ModelImporter",
            "module": "Editor",
            "baseName": "AssetImporter",
            "baseModule": "Editor"
        },
        {
            "name": "FBXImporter",
            "module": "Core",
            "baseName": "ModelImporter",
            "baseModule": "Editor"
        },
        {
            "name": "Mesh3DSImporter",
            "module": "Core",
            "baseName": "ModelImporter",
            "baseModule": "Editor"
        },
        {
            "name": "SketchUpImporter",
            "module": "Editor",
            "baseName": "ModelImporter",
            "baseModule": "Editor"
        },
        {
            "name": "MonoImporter",
            "module": "Editor",
            "baseName": "AssetImporter",
            "baseModule": "Editor"
        },
        {
            "name": "MultiArtifactTestImporter",
            "module": "Editor",
            "baseName": "AssetImporter",
            "baseModule": "Editor"
        },
        {
            "name": "NativeFormatImporter",
            "module": "Core",
            "baseName": "AssetImporter",
            "baseModule": "Editor"
        },
        {
            "name": "PackageManifestImporter",
            "module": "Editor",
            "baseName": "AssetImporter",
            "baseModule": "Editor"
        },
        {
            "name": "PluginImporter",
            "module": "Editor",
            "baseName": "AssetImporter",
            "baseModule": "Editor"
        },
        {
            "name": "PrefabImporter",
            "module": "Editor",
            "baseName": "AssetImporter",
            "baseModule": "Editor"
        },
        {
            "name": "RayTracingShaderImporter",
            "module": "Core",
            "baseName": "AssetImporter",
            "baseModule": "Editor"
        },
        {
            "name": "ReferencesArtifactGenerator",
            "module": "Editor",
            "baseName": "AssetImporter",
            "baseModule": "Editor"
        },
        {
            "name": "ScriptedImporter",
            "module": "Editor",
            "baseName": "AssetImporter",
            "baseModule": "Editor"
        },
        {
            "name": "ShaderImporter",
            "module": "Editor",
            "baseName": "AssetImporter",
            "baseModule": "Editor"
        },
        {
            "name": "SpeedTreeImporter",
            "module": "Editor",
            "baseName": "AssetImporter",
            "baseModule": "Editor"
        },
        {
            "name": "SubstanceImporter",
            "module": "SubstanceEditor",
            "baseName": "AssetImporter",
            "baseModule": "Editor"
        },
        {
            "name": "TextScriptImporter",
            "module": "Editor",
            "baseName": "AssetImporter",
            "baseModule": "Editor"
        },
        {
            "name": "TextureImporter",
            "module": "Editor",
            "baseName": "AssetImporter",
            "baseModule": "Editor"
        },
        {
            "name": "TrueTypeFontImporter",
            "module": "Editor",
            "baseName": "AssetImporter",
            "baseModule": "Editor"
        },
        {
            "name": "VideoClipImporter",
            "module": "Editor",
            "baseName": "AssetImporter",
            "baseModule": "Editor"
        },
        {
            "name": "VisualEffectImporter",
            "module": "VFXEditor",
            "baseName": "AssetImporter",
            "baseModule": "Editor"
        },
        {
            "name": "AssetImporterLog",
            "module": "Core",
            "baseName": "NamedObject",
            "baseModule": "Core"
        },
        {
            "name": "AudioMixer",
            "module": "Audio",
            "baseName": "NamedObject",
            "baseModule": "Core"
        },
        {
            "name": "AudioMixerController",
            "module": "Editor",
            "baseName": "AudioMixer",
            "baseModule": "Audio"
        },
        {
            "name": "AudioMixerEffectController",
            "module": "Editor",
            "baseName": "NamedObject",
            "baseModule": "Core"
        },
        {
            "name": "AudioMixerGroup",
            "module": "Audio",
            "baseName": "NamedObject",
            "baseModule": "Core"
        },
        {
            "name": "AudioMixerGroupController",
            "module": "Editor",
            "baseName": "AudioMixerGroup",
            "baseModule": "Audio"
        },
        {
            "name": "AudioMixerSnapshot",
            "module": "Audio",
            "baseName": "NamedObject",
            "baseModule": "Core"
        },
        {
            "name": "AudioMixerSnapshotController",
            "module": "Editor",
            "baseName": "AudioMixerSnapshot",
            "baseModule": "Audio"
        },
        {
            "name": "Avatar",
            "module": "Animation",
            "baseName": "NamedObject",
            "baseModule": "Core"
        },
        {
            "name": "AvatarMask",
            "module": "Animation",
            "baseName": "NamedObject",
            "baseModule": "Core"
        },
        {
            "name": "BaseAnimationTrack",
            "module": "Animation",
            "baseName": "NamedObject",
            "baseModule": "Core"
        },
        {
            "name": "NewAnimationTrack",
            "module": "Animation",
            "baseName": "BaseAnimationTrack",
            "baseModule": "Animation"
        },
        {
            "name": "BillboardAsset",
            "module": "Core",
            "baseName": "NamedObject",
            "baseModule": "Core"
        },
        {
            "name": "BuildReport",
            "module": "Editor",
            "baseName": "NamedObject",
            "baseModule": "Core"
        },
        {
            "name": "CachedSpriteAtlas",
            "module": "Core",
            "baseName": "NamedObject",
            "baseModule": "Core"
        },
        {
            "name": "CachedSpriteAtlasRuntimeData",
            "module": "Core",
            "baseName": "NamedObject",
            "baseModule": "Core"
        },
        {
            "name": "ComputeShader",
            "module": "Core",
            "baseName": "NamedObject",
            "baseModule": "Core"
        },
        {
            "name": "DefaultAsset",
            "module": "Editor",
            "baseName": "NamedObject",
            "baseModule": "Core"
        },
        {
            "name": "SceneAsset",
            "module": "Editor",
            "baseName": "DefaultAsset",
            "baseModule": "Editor"
        },
        {
            "name": "EditorProjectAccess",
            "module": "Editor",
            "baseName": "NamedObject",
            "baseModule": "Core"
        },
        {
            "name": "Flare",
            "module": "Core",
            "baseName": "NamedObject",
            "baseModule": "Core"
        },
        {
            "name": "Font",
            "module": "TextRendering",
            "baseName": "NamedObject",
            "baseModule": "Core"
        },
        {
            "name": "GameObjectRecorder",
            "module": "Editor",
            "baseName": "NamedObject",
            "baseModule": "Core"
        },
        {
            "name": "HumanTemplate",
            "module": "Editor",
            "baseName": "NamedObject",
            "baseModule": "Core"
        },
        {
            "name": "LightProbes",
            "module": "Core",
            "baseName": "NamedObject",
            "baseModule": "Core"
        },
        {
            "name": "LightingDataAsset",
            "module": "Editor",
            "baseName": "NamedObject",
            "baseModule": "Core"
        },
        {
            "name": "LightingDataAssetParent",
            "module": "Core",
            "baseName": "NamedObject",
            "baseModule": "Core"
        },
        {
            "name": "LightmapParameters",
            "module": "Editor",
            "baseName": "NamedObject",
            "baseModule": "Core"
        },
        {
            "name": "LocalizationAsset",
            "module": "Localization",
            "baseName": "NamedObject",
            "baseModule": "Core"
        },
        {
            "name": "Material",
            "module": "Core",
            "baseName": "NamedObject",
            "baseModule": "Core"
        },
        {
            "name": "ProceduralMaterial",
            "module": "Substance",
            "baseName": "Material",
            "baseModule": "Core"
        },
        {
            "name": "Mesh",
            "module": "Core",
            "baseName": "NamedObject",
            "baseModule": "Core"
        },
        {
            "name": "Motion",
            "module": "Animation",
            "baseName": "NamedObject",
            "baseModule": "Core"
        },
        {
            "name": "AnimationClip",
            "module": "Animation",
            "baseName": "Motion",
            "baseModule": "Animation"
        },
        {
            "name": "PreviewAnimationClip",
            "module": "Core",
            "baseName": "AnimationClip",
            "baseModule": "Animation"
        },
        {
            "name": "BlendTree",
            "module": "Editor",
            "baseName": "Motion",
            "baseModule": "Animation"
        },
        {
            "name": "NavMeshData",
            "module": "AI",
            "baseName": "NamedObject",
            "baseModule": "Core"
        },
        {
            "name": "OcclusionCullingData",
            "module": "Umbra",
            "baseName": "NamedObject",
            "baseModule": "Core"
        },
        {
            "name": "PhysicMaterial",
            "module": "Physics",
            "baseName": "NamedObject",
            "baseModule": "Core"
        },
        {
            "name": "PhysicsMaterial2D",
            "module": "Physics2D",
            "baseName": "NamedObject",
            "baseModule": "Core"
        },
        {
            "name": "PreloadData",
            "module": "Core",
            "baseName": "NamedObject",
            "baseModule": "Core"
        },
        {
            "name": "Preset",
            "module": "Editor",
            "baseName": "NamedObject",
            "baseModule": "Core"
        },
        {
            "name": "RayTracingShader",
            "module": "Core",
            "baseName": "NamedObject",
            "baseModule": "Core"
        },
        {
            "name": "RuntimeAnimatorController",
            "module": "Animation",
            "baseName": "NamedObject",
            "baseModule": "Core"
        },
        {
            "name": "AnimatorController",
            "module": "Animation",
            "baseName": "RuntimeAnimatorController",
            "baseModule": "Animation"
        },
        {
            "name": "AnimatorOverrideController",
            "module": "Animation",
            "baseName": "RuntimeAnimatorController",
            "baseModule": "Animation"
        },
        {
            "name": "SampleClip",
            "module": "Audio",
            "baseName": "NamedObject",
            "baseModule": "Core"
        },
        {
            "name": "AudioClip",
            "module": "Audio",
            "baseName": "SampleClip",
            "baseModule": "Audio"
        },
        {
            "name": "Shader",
            "module": "Core",
            "baseName": "NamedObject",
            "baseModule": "Core"
        },
        {
            "name": "ShaderVariantCollection",
            "module": "Core",
            "baseName": "NamedObject",
            "baseModule": "Core"
        },
        {
            "name": "SpeedTreeWindAsset",
            "module": "Terrain",
            "baseName": "NamedObject",
            "baseModule": "Core"
        },
        {
            "name": "Sprite",
            "module": "Core",
            "baseName": "NamedObject",
            "baseModule": "Core"
        },
        {
            "name": "SpriteAtlas",
            "module": "Core",
            "baseName": "NamedObject",
            "baseModule": "Core"
        },
        {
            "name": "SubstanceArchive",
            "module": "Substance",
            "baseName": "NamedObject",
            "baseModule": "Core"
        },
        {
            "name": "TerrainData",
            "module": "Terrain",
            "baseName": "NamedObject",
            "baseModule": "Core"
        },
        {
            "name": "TerrainLayer",
            "module": "Terrain",
            "baseName": "NamedObject",
            "baseModule": "Core"
        },
        {
            "name": "TextAsset",
            "module": "Core",
            "baseName": "NamedObject",
            "baseModule": "Core"
        },
        {
            "name": "AssemblyDefinitionAsset",
            "module": "Editor",
            "baseName": "TextAsset",
            "baseModule": "Core"
        },
        {
            "name": "AssemblyDefinitionReferenceAsset",
            "module": "Editor",
            "baseName": "TextAsset",
            "baseModule": "Core"
        },
        {
            "name": "CGProgram",
            "module": "Core",
            "baseName": "TextAsset",
            "baseModule": "Core"
        },
        {
            "name": "MonoScript",
            "module": "Core",
            "baseName": "TextAsset",
            "baseModule": "Core"
        },
        {
            "name": "PackageManifest",
            "module": "Editor",
            "baseName": "TextAsset",
            "baseModule": "Core"
        },
        {
            "name": "Texture",
            "module": "Core",
            "baseName": "NamedObject",
            "baseModule": "Core"
        },
        {
            "name": "BaseVideoTexture",
            "module": "Audio",
            "baseName": "Texture",
            "baseModule": "Core"
        },
        {
            "name": "WebCamTexture",
            "module": "Audio",
            "baseName": "BaseVideoTexture",
            "baseModule": "Audio"
        },
        {
            "name": "CubemapArray",
            "module": "Core",
            "baseName": "Texture",
            "baseModule": "Core"
        },
        {
            "name": "LowerResBlitTexture",
            "module": "Core",
            "baseName": "Texture",
            "baseModule": "Core"
        },
        {
            "name": "MovieTexture",
            "module": "Audio",
            "baseName": "Texture",
            "baseModule": "Core"
        },
        {
            "name": "ProceduralTexture",
            "module": "Substance",
            "baseName": "Texture",
            "baseModule": "Core"
        },
        {
            "name": "RenderTexture",
            "module": "Core",
            "baseName": "Texture",
            "baseModule": "Core"
        },
        {
            "name": "CustomRenderTexture",
            "module": "Core",
            "baseName": "RenderTexture",
            "baseModule": "Core"
        },
        {
            "name": "SparseTexture",
            "module": "Core",
            "baseName": "Texture",
            "baseModule": "Core"
        },
        {
            "name": "Texture2D",
            "module": "Core",
            "baseName": "Texture",
            "baseModule": "Core"
        },
        {
            "name": "Cubemap",
            "module": "Core",
            "baseName": "Texture2D",
            "baseModule": "Core"
        },
        {
            "name": "Texture2DArray",
            "module": "Core",
            "baseName": "Texture",
            "baseModule": "Core"
        },
        {
            "name": "Texture3D",
            "module": "Core",
            "baseName": "Texture",
            "baseModule": "Core"
        },
        {
            "name": "VideoClip",
            "module": "Video",
            "baseName": "NamedObject",
            "baseModule": "Core"
        },
        {
            "name": "VisualEffectObject",
            "module": "VFX",
            "baseName": "NamedObject",
            "baseModule": "Core"
        },
        {
            "name": "VisualEffectAsset",
            "module": "VFX",
            "baseName": "VisualEffectObject",
            "baseModule": "VFX"
        },
        {
            "name": "VisualEffectSubgraph",
            "module": "Editor",
            "baseName": "VisualEffectObject",
            "baseModule": "VFX"
        },
        {
            "name": "VisualEffectSubgraphBlock",
            "module": "Editor",
            "baseName": "VisualEffectSubgraph",
            "baseModule": "Editor"
        },
        {
            "name": "VisualEffectSubgraphOperator",
            "module": "Editor",
            "baseName": "VisualEffectSubgraph",
            "baseModule": "Editor"
        },
        {
            "name": "VisualEffectResource",
            "module": "Editor",
            "baseName": "NamedObject",
            "baseModule": "Core"
        },
        {
            "name": "EditorExtensionImpl",
            "module": "Core",
            "baseName": "Object",
            "baseModule": "Core"
        },
        {
            "name": "EditorSettings",
            "module": "Editor",
            "baseName": "Object",
            "baseModule": "Core"
        },
        {
            "name": "EditorUserBuildSettings",
            "module": "Editor",
            "baseName": "Object",
            "baseModule": "Core"
        },
        {
            "name": "EditorUserSettings",
            "module": "Editor",
            "baseName": "Object",
            "baseModule": "Core"
        },
        {
            "name": "EmptyObject",
            "module": "Core",
            "baseName": "Object",
            "baseModule": "Core"
        },
        {
            "name": "GameManager",
            "module": "Core",
            "baseName": "Object",
            "baseModule": "Core"
        },
        {
            "name": "GlobalGameManager",
            "module": "Core",
            "baseName": "GameManager",
            "baseModule": "Core"
        },
        {
            "name": "AudioManager",
            "module": "Audio",
            "baseName": "GlobalGameManager",
            "baseModule": "Core"
        },
        {
            "name": "BuildSettings",
            "module": "Core",
            "baseName": "GlobalGameManager",
            "baseModule": "Core"
        },
        {
            "name": "ClusterInputManager",
            "module": "ClusterInput",
            "baseName": "GlobalGameManager",
            "baseModule": "Core"
        },
        {
            "name": "DelayedCallManager",
            "module": "Core",
            "baseName": "GlobalGameManager",
            "baseModule": "Core"
        },
        {
            "name": "GraphicsSettings",
            "module": "Core",
            "baseName": "GlobalGameManager",
            "baseModule": "Core"
        },
        {
            "name": "InputManager",
            "module": "Core",
            "baseName": "GlobalGameManager",
            "baseModule": "Core"
        },
        {
            "name": "MonoManager",
            "module": "Core",
            "baseName": "GlobalGameManager",
            "baseModule": "Core"
        },
        {
            "name": "NavMeshProjectSettings",
            "module": "AI",
            "baseName": "GlobalGameManager",
            "baseModule": "Core"
        },
        {
            "name": "Physics2DSettings",
            "module": "Physics2D",
            "baseName": "GlobalGameManager",
            "baseModule": "Core"
        },
        {
            "name": "PhysicsManager",
            "module": "Physics",
            "baseName": "GlobalGameManager",
            "baseModule": "Core"
        },
        {
            "name": "PlayerSettings",
            "module": "Core",
            "baseName": "GlobalGameManager",
            "baseModule": "Core"
        },
        {
            "name": "QualitySettings",
            "module": "Core",
            "baseName": "GlobalGameManager",
            "baseModule": "Core"
        },
        {
            "name": "ResourceManager",
            "module": "Core",
            "baseName": "GlobalGameManager",
            "baseModule": "Core"
        },
        {
            "name": "RuntimeInitializeOnLoadManager",
            "module": "Core",
            "baseName": "GlobalGameManager",
            "baseModule": "Core"
        },
        {
            "name": "ScriptMapper",
            "module": "Core",
            "baseName": "GlobalGameManager",
            "baseModule": "Core"
        },
        {
            "name": "StreamingManager",
            "module": "Streaming",
            "baseName": "GlobalGameManager",
            "baseModule": "Core"
        },
        {
            "name": "TagManager",
            "module": "Core",
            "baseName": "GlobalGameManager",
            "baseModule": "Core"
        },
        {
            "name": "TimeManager",
            "module": "Core",
            "baseName": "GlobalGameManager",
            "baseModule": "Core"
        },
        {
            "name": "UnityConnectSettings",
            "module": "UnityConnect",
            "baseName": "GlobalGameManager",
            "baseModule": "Core"
        },
        {
            "name": "VFXManager",
            "module": "VFX",
            "baseName": "GlobalGameManager",
            "baseModule": "Core"
        },
        {
            "name": "LevelGameManager",
            "module": "Core",
            "baseName": "GameManager",
            "baseModule": "Core"
        },
        {
            "name": "LightmapSettings",
            "module": "Core",
            "baseName": "LevelGameManager",
            "baseModule": "Core"
        },
        {
            "name": "NavMeshSettings",
            "module": "AI",
            "baseName": "LevelGameManager",
            "baseModule": "Core"
        },
        {
            "name": "OcclusionCullingSettings",
            "module": "Umbra",
            "baseName": "LevelGameManager",
            "baseModule": "Core"
        },
        {
            "name": "RenderSettings",
            "module": "Core",
            "baseName": "LevelGameManager",
            "baseModule": "Core"
        },
        {
            "name": "HierarchyState",
            "module": "Core",
            "baseName": "Object",
            "baseModule": "Core"
        },
        {
            "name": "InspectorExpandedState",
            "module": "Core",
            "baseName": "Object",
            "baseModule": "Core"
        },
        {
            "name": "NativeObjectType",
            "module": "Core",
            "baseName": "Object",
            "baseModule": "Core"
        },
        {
            "name": "PackedAssets",
            "module": "Editor",
            "baseName": "Object",
            "baseModule": "Core"
        },
        {
            "name": "PlatformModuleSetup",
            "module": "Core",
            "baseName": "Object",
            "baseModule": "Core"
        },
        {
            "name": "PluginBuildInfo",
            "module": "BuildReportingEditor",
            "baseName": "Object",
            "baseModule": "Core"
        },
        {
            "name": "Prefab",
            "module": "Core",
            "baseName": "Object",
            "baseModule": "Core"
        },
        {
            "name": "PrefabInstance",
            "module": "Core",
            "baseName": "Object",
            "baseModule": "Core"
        },
        {
            "name": "PresetManager",
            "module": "Editor",
            "baseName": "Object",
            "baseModule": "Core"
        },
        {
            "name": "PropertyModificationsTargetTestObject",
            "module": "Core",
            "baseName": "Object",
            "baseModule": "Core"
        },
        {
            "name": "SceneVisibilityState",
            "module": "Core",
            "baseName": "Object",
            "baseModule": "Core"
        },
        {
            "name": "SerializableManagedHost",
            "module": "Core",
            "baseName": "Object",
            "baseModule": "Core"
        },
        {
            "name": "SerializableManagedRefTestClass",
            "module": "Core",
            "baseName": "Object",
            "baseModule": "Core"
        },
        {
            "name": "SiblingDerived",
            "module": "Core",
            "baseName": "Object",
            "baseModule": "Core"
        },
        {
            "name": "SpriteAtlasDatabase",
            "module": "Core",
            "baseName": "Object",
            "baseModule": "Core"
        },
        {
            "name": "TestObjectVectorPairStringBool",
            "module": "Core",
            "baseName": "Object",
            "baseModule": "Core"
        },
        {
            "name": "TestObjectWithSerializedAnimationCurve",
            "module": "Core",
            "baseName": "Object",
            "baseModule": "Core"
        },
        {
            "name": "TestObjectWithSerializedArray",
            "module": "Core",
            "baseName": "Object",
            "baseModule": "Core"
        },
        {
            "name": "TestObjectWithSerializedMapStringBool",
            "module": "Core",
            "baseName": "Object",
            "baseModule": "Core"
        },
        {
            "name": "TestObjectWithSerializedMapStringNonAlignedStruct",
            "module": "Core",
            "baseName": "Object",
            "baseModule": "Core"
        },
        {
            "name": "TestObjectWithSpecialLayoutOne",
            "module": "Core",
            "baseName": "Object",
            "baseModule": "Core"
        },
        {
            "name": "TestObjectWithSpecialLayoutTwo",
            "module": "Core",
            "baseName": "Object",
            "baseModule": "Core"
        },
        {
            "name": "Vector3f",
            "module": "undefined",
            "baseName": "",
            "baseModule": ""
        },
        {
            "name": "AudioMixerLiveUpdateBool",
            "module": "undefined",
            "baseName": "",
            "baseModule": ""
        },
        {
            "name": "bool",
            "module": "undefined",
            "baseName": "",
            "baseModule": ""
        },
        {
            "name": "void",
            "module": "undefined",
            "baseName": "",
            "baseModule": ""
        },
        {
            "name": "RootMotionData",
            "module": "undefined",
            "baseName": "",
            "baseModule": ""
        },
        {
            "name": "AudioMixerLiveUpdateFloat",
            "module": "undefined",
            "baseName": "",
            "baseModule": ""
        },
        {
            "name": "MonoObject",
            "module": "undefined",
            "baseName": "",
            "baseModule": ""
        },
        {
            "name": "Collision2D",
            "module": "undefined",
            "baseName": "",
            "baseModule": ""
        },
        {
            "name": "Polygon2D",
            "module": "undefined",
            "baseName": "",
            "baseModule": ""
        },
        {
            "name": "Collision",
            "module": "undefined",
            "baseName": "",
            "baseModule": ""
        },
        {
            "name": "float",
            "module": "undefined",
            "baseName": "",
            "baseModule": ""
        },
        {
            "name": "int",
            "module": "undefined",
            "baseName": "",
            "baseModule": ""
        }
    ],
    "forceIncludeModules": [],
    "forceExcludeModules": []
}